name,birth,death,bio
Aeschylus,525 BCE,456 BCE,"Aeschylus was an ancient Greek tragedian often described as the father of tragedy. He expanded the number of characters in plays to allow for conflict between them, created more complex plots, and is the earliest playwright whose plays still survive."
Alexander von Humboldt,1769,1859,"Alexander von Humboldt was a Prussian polymath, geographer, naturalist, and explorer whose work laid foundations for biogeography and meteorology. His five-year expedition to Latin America revolutionized Western understanding of the natural world and influenced generations of scientists including Darwin."
Alexandre Dumas,1802,1870,"Alexandre Dumas was a French writer whose historical adventure novels include ""The Three Musketeers"" and ""The Count of Monte Cristo."" His works have been translated into nearly 100 languages and adapted for numerous films, television series, and plays."
Alexandre Dumas fils,1824,1895,"Alexandre Dumas fils was a French author and playwright, best known for the novel ""La Dame aux Camélias."" Unlike his father's romantic adventures, his works dealt with moral and social issues of his time, often featuring realistic and controversial themes."
Alexis de Tocqueville,1805,1859,"Alexis de Tocqueville was a French diplomat, political scientist, and historian best known for his works ""Democracy in America"" and ""The Old Regime and the Revolution."" His analysis of American democracy and its implications for European politics made him one of the most influential political thinkers of the 19th century."
André Gide,1869,1951,"André Gide was a French author and winner of the Nobel Prize in Literature in 1947. His works explored morality, sexuality, and freedom, challenging conventional beliefs while advocating for self-expression and authenticity."
Ann Radcliffe,1764,1823,"Ann Radcliffe was an English author and pioneer of Gothic fiction, best known for ""The Mysteries of Udolpho"" and ""The Italian."" Her works, featuring supernatural elements, brooding landscapes, and threatened heroines, greatly influenced the development of Gothic literature and Romanticism."
Aphra Behn,1640,1689,"Aphra Behn was one of the first English professional female literary writers. As a playwright, poet, and novelist who wrote works like ""Oroonoko,"" she broke cultural barriers and served as a literary role model for later generations of women authors."
Apuleius,124 CE,170 CE,"Apuleius was a Latin-language prose writer, Platonist philosopher, and rhetorician from Roman Africa. He is best known for his novel ""The Golden Ass,"" a first-person adventure narrative that includes the famous tale of Cupid and Psyche and influenced many later writers."
Aristophanes,446 BCE,386 BCE,"Aristophanes was an ancient Greek comic playwright known as the ""Father of Comedy."" His eleven surviving plays, including ""Lysistrata"" and ""The Clouds,"" offer biting social and political satire of Athenian society and influential figures of his time."
Arthur Conan Doyle,1859,1930,Arthur Conan Doyle was a British writer and physician best known for creating the detective Sherlock Holmes. His stories combining logical reasoning with enthralling mysteries revolutionized detective fiction and continue to captivate readers worldwide.
Ben Jonson,1572,1637,"Ben Jonson was an English playwright, poet, and literary critic who became one of the most important figures of English Renaissance drama. His comedies of humors, such as ""Volpone"" and ""The Alchemist,"" satirized human folly and were known for their classicism and structural complexity."
Benjamin Constant,1767,1830,"Benjamin Constant was a Swiss-French political thinker, writer, and politician who advocated for liberalism and constitutional government. His novel ""Adolphe"" is considered a pioneering psychological romance, while his political writings influenced liberal thought throughout Europe."
Bram Stoker,1847,1912,"Bram Stoker was an Irish author best known for his Gothic horror novel ""Dracula."" His masterful creation of the vampire Count Dracula has become one of literature's most enduring characters, profoundly influencing the horror genre and popular culture."
Charles Darwin,1809,1882,"Charles Darwin was an English naturalist, geologist, and biologist who proposed the theory of evolution by natural selection. His landmark work ""On the Origin of Species"" fundamentally changed our understanding of how life on Earth developed and diversified over time."
Charles Dickens,1812,1870,"Charles Dickens was an English writer and social critic who created some of literature's most iconic characters in works like ""Oliver Twist"" and ""A Christmas Carol."" His vivid depictions of Victorian society, especially its poverty and social injustices, captivated readers while advocating for reform."
Charlotte Brontë,1816,1855,"Charlotte Brontë was an English novelist whose masterpiece ""Jane Eyre"" pioneered a new type of fiction with its intimate first-person narrative and strong female protagonist. Her work combined Gothic elements with psychological depth and feminist themes that were revolutionary for her time."
Christine de Pizan,1364,1430,"Christine de Pizan was a medieval Italian-French writer who is regarded as one of the earliest feminist authors. Her works, including ""The Book of the City of Ladies,"" defended women's intellectual capabilities and moral character against misogynistic traditions in literature and society."
Christopher Marlowe,1564,1593,"Christopher Marlowe was an English playwright, poet, and translator of the Elizabethan era. His plays, including ""Doctor Faustus"" and ""Tamburlaine,"" featured ambitious protagonists and blank verse that influenced Shakespeare and established him as a major dramatist despite his short life."
D.H. Lawrence,1885,1930,"D.H. Lawrence was an English writer whose novels, including ""Sons and Lovers"" and ""Lady Chatterley's Lover,"" challenged Victorian sensibilities with their frank exploration of sexuality and emotional health. His works portrayed the dehumanizing effects of modernity and industrialization while celebrating vitality and passion."
Daniel Defoe,1660,1731,"Daniel Defoe was an English writer, trader, and journalist considered a founder of the English novel. His masterpiece ""Robinson Crusoe,"" along with works like ""Moll Flanders,"" pioneered realism in fiction through detailed first-person narratives of characters navigating their complex social environments."
Denis Diderot,1713,1784,"Denis Diderot was a French philosopher and writer who served as chief editor of the Encyclopédie, a monumental Enlightenment project. His novels, including ""Jacques the Fatalist,"" experimented with narrative form and explored philosophical ideas while challenging conventional morality and religion."
E.M. Forster,1879,1970,"E.M. Forster was an English novelist whose works explored class differences, hypocrisy, and the need for human connection in books like ""A Room with a View"" and ""Howards End."" His novel ""A Passage to India"" masterfully addressed the relationship between East and West during British colonial rule."
E.T.A. Hoffmann,1776,1822,"E.T.A. Hoffmann was a German Romantic author, composer, and jurist whose tales blended the everyday with the supernatural and bizarre. His works, including ""The Nutcracker and the Mouse King"" and ""The Sandman,"" inspired composers like Tchaikovsky and Offenbach and influenced the development of fantasy and horror genres."
Edgar Rice Burroughs,1875,1950,Edgar Rice Burroughs was an American author best known for creating the jungle hero Tarzan and the Mars adventurer John Carter. His imaginative adventure stories across various planets and lost worlds revolutionized science fiction and fantasy literature while captivating generations of readers.
Edith Wharton,1862,1937,"Edith Wharton was an American novelist and the first woman to win the Pulitzer Prize for fiction with ""The Age of Innocence."" Her novels like ""The House of Mirth"" and ""Ethan Frome"" precisely dissected the social codes and constraints of upper-class American society during the Gilded Age."
Émile Zola,1840,1902,"Émile Zola was a French novelist and leader of the naturalist movement in literature. Through works like his twenty-novel Rougon-Macquart cycle, he unflinchingly portrayed the effects of heredity, environment, and social conditions on his characters, often focusing on the working class and social injustice."
Emily Brontë,1818,1848,"Emily Brontë was an English novelist and poet who wrote just one novel, ""Wuthering Heights,"" before her early death. Her sole novel is considered a masterpiece for its passionate depiction of destructive love, psychological complexity, and innovative narrative structure that defied Victorian-era conventions."
Erasmus,1466,1536,"Erasmus was a Dutch Renaissance humanist, Catholic priest, and theological writer. His works, including ""In Praise of Folly"" and his Greek New Testament translation, promoted classical scholarship, religious tolerance, and educational reform while criticizing superstition and ecclesiastical abuses."
Euripides,480 BCE,406 BCE,"Euripides was an ancient Greek tragedian whose plays challenged traditional religious beliefs and social conventions. His works like ""Medea"" and ""The Bacchae"" featured complex psychological portraits, particularly of women and outsiders, and his innovations in dramatic technique influenced the development of Western drama."
F. Scott Fitzgerald,1896,1940,"F. Scott Fitzgerald was an American novelist whose masterpiece ""The Great Gatsby"" captured the excesses and disillusionment of the Jazz Age. His elegant prose style and themes of aspiration, decadence, and the American Dream made him one of the foremost chroniclers of the Roaring Twenties."
Ford Madox Ford,1873,1939,"Ford Madox Ford was an English novelist, poet, and critic who pioneered literary impressionism and modernist techniques. His tetralogy ""Parade's End"" and novel ""The Good Soldier"" are known for their complex narrative perspectives, psychological depth, and sophisticated portrayal of Edwardian society."
François Rabelais,1494,1553,"François Rabelais was a French Renaissance writer, physician, and humanist known for his comic masterpieces ""Gargantua and Pantagruel."" His work combined erudite satire, scatological humor, and linguistic inventiveness to critique medieval scholasticism while celebrating human potential and freedom."
Franz Kafka,1883,1924,"Franz Kafka was a German-speaking Bohemian novelist and short-story writer whose surreal, nightmarish works like ""The Metamorphosis"" and ""The Trial"" explore themes of alienation, existential anxiety, and bureaucratic absurdity. His distinctive style and vision gave rise to the term ""Kafkaesque"" to describe bizarre, illogical situations."
Friedrich de la Motte Fouqué,1777,1843,"Friedrich de la Motte Fouqué was a German writer of the Romantic movement best known for his fairy tale ""Undine."" His works, drawing heavily on medieval chivalry and supernatural folklore, influenced the development of German Romanticism and fantasy literature."
Friedrich Hölderlin,1770,1843,"Friedrich Hölderlin was a German lyric poet whose emotionally intense, formally innovative work bridged classical and romantic sensibilities. Despite spending the last 36 years of his life in mental illness and obscurity, his poetry's philosophical depth and visionary quality eventually established him as one of Germany's greatest poets."
Friedrich Schiller,1759,1805,"Friedrich Schiller was a German poet, philosopher, historian, and playwright considered, alongside Goethe, the most important classical writer in German literature. His plays like ""William Tell"" and ""Mary Stuart"" championed ideals of freedom and justice, while his philosophical essays on aesthetics greatly influenced German thought."
Fyodor Dostoevsky,1821,1881,"Fyodor Dostoevsky was a Russian novelist whose psychological penetration into the human soul and prophetic examination of modern anxieties have established him as one of literature's greatest influences. His masterpieces like ""Crime and Punishment"" and ""The Brothers Karamazov"" explore the moral and spiritual struggles of individuals in a changing society."
George Eliot,1819,1880,"George Eliot, born Mary Ann Evans, was an English novelist whose works like ""Middlemarch"" and ""The Mill on the Floss"" are celebrated for their psychological insight and social criticism. She adopted a male pen name to ensure her works would be taken seriously and to separate her fiction from the lighter ""ladies' novels"" of the era."
Gérard de Nerval,1808,1855,"Gérard de Nerval was a French poet, essayist, and translator who was a major figure in French Romanticism. His works, including ""Les Chimères"" and ""Aurélia,"" combined dreamlike imagery with autobiographical elements and mystical themes, prefiguring Symbolism and Surrealism."
Gertrude Stein,1874,1946,"Gertrude Stein was an American writer, art collector, and cultural figure who was at the center of Parisian modernism. Her experimental writing style, characterized by repetition and abstraction in works like ""Three Lives"" and ""Tender Buttons,"" influenced modernist literature and anticipated postmodern approaches to language."
Giovanni Boccaccio,1313,1375,"Giovanni Boccaccio was an Italian writer and humanist best known for ""The Decameron,"" a collection of 100 tales told by ten storytellers sheltering from the Black Death. His works helped establish the vernacular as a legitimate literary language and influenced narrative prose development throughout Europe."
Guillaume Apollinaire,1880,1918,"Guillaume Apollinaire was a French poet, playwright, and art critic considered one of the foremost poets of the early 20th century. His innovative approach to form, including his ""calligrammes"" (poems shaped like their subjects) and his coining of the term ""surrealism,"" made him a key precursor to subsequent avant-garde movements."
Gustave Flaubert,1821,1880,"Gustave Flaubert was a French novelist known for his meticulous devotion to style and aesthetics in works like ""Madame Bovary."" His objective, impersonal narrative technique and precise attention to detail established him as a leading proponent of literary realism and influenced generations of writers."
Guy de Maupassant,1850,1893,"Guy de Maupassant was a French writer considered one of the fathers of the modern short story. His naturalistic works, including over 300 short stories and six novels, offered unsentimental portrayals of ordinary lives and social conditions, often with surprise endings and psychological insight."
H.G. Wells,1866,1946,"H.G. Wells was an English writer known as one of the fathers of science fiction with works like ""The Time Machine"" and ""The War of the Worlds."" Beyond his scientific romances, he was a prolific author of social novels, histories, and political works advocating progressive ideas and global cooperation."
Harriet Beecher Stowe,1811,1896,"Harriet Beecher Stowe was an American abolitionist and author best known for ""Uncle Tom's Cabin,"" which dramatized the harsh conditions of enslaved African Americans. Her novel had such a powerful anti-slavery message that Abraham Lincoln allegedly greeted her as ""the little lady who made this big war."""
Harriet E. Wilson,1825,1900,"Harriet E. Wilson was the first African American to publish a novel in North America with her semi-autobiographical work ""Our Nig."" Her groundbreaking book documented the harsh realities of life for free Black people in the antebellum North, challenging the prevailing narrative that racial prejudice existed only in the South."
Heinrich von Kleist,1777,1811,"Heinrich von Kleist was a German poet, dramatist, and short story writer who combined elements of Classicism and Romanticism in his work. His plays like ""The Prince of Homburg"" and novellas such as ""Michael Kohlhaas"" explore psychological extremes, moral ambiguities, and the limits of human understanding."
Henry Adams,1838,1918,"Henry Adams was an American historian, journalist, and member of the prominent Adams political family. His autobiography ""The Education of Henry Adams"" and his histories of the United States during the Jefferson and Madison administrations demonstrate his pessimistic view of democracy and his concern about the impact of technology on traditional values."
Henry David Thoreau,1817,1862,"Henry David Thoreau was an American naturalist, essayist, and philosopher best known for ""Walden"" and ""Civil Disobedience."" His writings on natural history and philosophy, his political resistance to slavery and the Mexican-American War, and his advocacy for simple living have influenced environmental and civil rights movements."
Henry Fielding,1707,1754,"Henry Fielding was an English novelist and dramatist who helped establish the foundations of the English novel with works like ""Tom Jones."" His comic epics in prose combined vivid characterization with moral seriousness and social satire, presenting a panoramic view of 18th-century English life."
Henry James,1843,1916,"Henry James was an American-British author known for his psychologically complex fiction about the interaction between Americans and Europeans. His novels like ""The Portrait of a Lady"" and ""The Ambassadors"" feature nuanced characterization, point-of-view experiments, and sophisticated explorations of consciousness."
Herman Melville,1819,1891,"Herman Melville was an American novelist, short story writer, and poet whose masterpiece ""Moby-Dick"" is considered one of the greatest American novels. His works explore themes of good and evil, the limitations of knowledge, and the conflict between individual freedom and social constraints."
Hermann Hesse,1877,1962,"Hermann Hesse was a German-Swiss poet, novelist, and painter who won the Nobel Prize in Literature in 1946. His works, including ""Siddhartha"" and ""Steppenwolf,"" explore the individual's search for authenticity, spirituality, and self-knowledge, often incorporating Eastern philosophy."
Hesiod,750 BCE,650 BCE,"Hesiod was an ancient Greek poet credited with two major surviving works: ""Works and Days"" and ""Theogony."" His poems about agriculture, justice, and the origin of the gods provide valuable insights into the social, economic, and religious life of early Greece and shaped later Greek mythology."
Honoré de Balzac,1799,1850,"Honoré de Balzac was a French novelist and playwright whose magnum opus, the multi-volume ""La Comédie Humaine,"" attempted to document all aspects of French society during the post-Napoleonic period. His realistic, detailed portrayals of characters from all social classes pioneered literary realism and influenced writers worldwide."
Horace Walpole,1717,1797,"Horace Walpole was an English writer, art historian, and politician who pioneered the Gothic literary genre with his novel ""The Castle of Otranto."" Besides creating this influential form of fiction, he was known for his thousands of letters that provide a vivid record of 18th-century English cultural and political life."
Ivan Turgenev,1818,1883,"Ivan Turgenev was a Russian novelist and playwright whose works explored the social changes in Russia during the 19th century. His masterpiece ""Fathers and Sons"" portrayed the conflict between generations and ideologies, while his realistic, compassionate depictions of peasant life helped turn public opinion against serfdom."
J.M. Barrie,1860,1937,"J.M. Barrie was a Scottish novelist and playwright best known for creating Peter Pan, the boy who never grows up. His works combine fantasy with psychological insight, and his most famous creation has become a cultural icon representing eternal childhood and escapism."
Jack London,1876,1916,"Jack London was an American novelist and journalist whose adventure stories like ""The Call of the Wild"" and ""White Fang"" depicted the struggle for survival in harsh environments. His own experiences as a sailor, gold prospector, and social activist informed his works that often featured themes of determinism and social justice."
Jacques-Henri Bernardin de Saint-Pierre,1737,1814,"Jacques-Henri Bernardin de Saint-Pierre was a French writer and botanist best known for his novel ""Paul et Virginie."" His works combined Enlightenment ideas with pre-Romantic sensibility, advocating for the study of nature and exploring themes of innocence corrupted by civilization."
James Fenimore Cooper,1789,1851,James Fenimore Cooper was an American writer known for his Leatherstocking Tales featuring frontiersman Natty Bumppo. His historical romances of frontier and Native American life created a unique form of American literature and significantly contributed to the formation of a distinctive American national identity.
James Joyce,1882,1941,"James Joyce was an Irish novelist and poet whose novel ""Ulysses"" revolutionized 20th-century fiction with its stream-of-consciousness technique and complex structure. His experimental style, encyclopedic range of allusions, and detailed portrayal of Dublin life have made him one of the most influential writers of literary modernism."
Jane Austen,1775,1817,"Jane Austen was an English novelist known for her six major novels including ""Pride and Prejudice"" and ""Emma."" Her works of romantic fiction, characterized by their wit, social observation, and insights into the lives of early 19th-century British gentry, have earned her a place as one of the most widely read writers in English literature."
Jean-Jacques Rousseau,1712,1778,"Jean-Jacques Rousseau was a Genevan philosopher, writer, and composer whose political philosophy influenced the Enlightenment across Europe and the French Revolution. His ideas about education, human nature, and political systems, expressed in works like ""The Social Contract,"" continue to impact modern political and educational thought."
Johann Wolfgang von Goethe,1749,1832,"Johann Wolfgang von Goethe was a German writer, statesman, and polymath whose works include poetry, drama, literature, theology, philosophy, and science. His two-part dramatic poem ""Faust"" is considered one of the greatest works of German literature, while his novels, poems, and ideas profoundly influenced European culture."
John Ford,1586,1639,"John Ford was an English playwright and poet of the Jacobean and Caroline eras known for his psychological tragedies. His works like ""'Tis Pity She's a Whore"" and ""The Broken Heart"" explore extreme emotional states and taboo subjects with a distinctive blend of violence, melancholy, and poetic language."
John Webster,1580,1634,"John Webster was an English Jacobean dramatist best known for his tragedies ""The White Devil"" and ""The Duchess of Malfi."" His plays are distinguished by their dark themes, intricate plots, and poetic language that explores corruption, revenge, and the macabre aspects of human nature."
Jonathan Swift,1667,1745,"Jonathan Swift was an Anglo-Irish satirist, essayist, political pamphleteer, and cleric whose works like ""Gulliver's Travels"" and ""A Modest Proposal"" are masterpieces of irony and satire. His biting social and political commentary targeted human folly, corruption, and the abuse of power."
Joseph Conrad,1857,1924,"Joseph Conrad was a Polish-British writer regarded as one of the greatest novelists in the English language despite not speaking English fluently until his twenties. His works like ""Heart of Darkness"" and ""Lord Jim"" explore moral ambiguity, human alienation, and the dark side of imperialism."
Jules Verne,1828,1905,"Jules Verne was a French novelist, poet, and playwright whose ""Voyages Extraordinaires"" series included ""Journey to the Center of the Earth"" and ""Twenty Thousand Leagues Under the Sea."" His scientifically informed adventure stories anticipated many modern technologies and established him as a pioneer of science fiction."
Kate Chopin,1850,1904,"Kate Chopin was an American author of short stories and novels set primarily in Louisiana. Her novel ""The Awakening,"" which portrays a woman's struggle for sexual and personal emancipation, initially scandalized readers but was later recognized as a landmark work of early feminist literature."
Kenneth Grahame,1859,1932,"Kenneth Grahame was a Scottish writer best known for the children's classic ""The Wind in the Willows."" His enchanting tale of animal characters and their adventures along the river bank combines idyllic rural life with fantasy and has become one of the most beloved works of children's literature."
L. Frank Baum,1856,1919,"L. Frank Baum was an American author best known for creating the Land of Oz in ""The Wonderful Wizard of Oz"" and its thirteen sequels. His works combined fantasy elements with American values and created an enduring mythology that has been adapted into numerous films, plays, and other media."
L.M. Montgomery,1874,1942,"L.M. Montgomery was a Canadian author best known for the ""Anne of Green Gables"" series featuring the spirited, imaginative orphan Anne Shirley. Her novels, set primarily on Prince Edward Island, celebrate nature, community, and the power of imagination while providing insightful portrayals of female experience."
Laurence Sterne,1713,1768,"Laurence Sterne was an Irish-born English novelist and Anglican clergyman known for his experimental novel ""Tristram Shandy."" His innovative approach to narrative, including digressions, blank pages, and other typographical experiments, challenged conventional storytelling and influenced modern literature."
Leo Tolstoy,1828,1910,"Leo Tolstoy was a Russian writer considered one of the greatest authors of all time for his masterpieces ""War and Peace"" and ""Anna Karenina."" His realistic fiction depicting Russian society, profound moral and philosophical explorations, and pacifist views have influenced literature, political thought, and religious understanding worldwide."
Lewis Carroll,1832,1898,"Lewis Carroll (pen name of Charles Lutwidge Dodgson) was an English writer, mathematician, and photographer best known for ""Alice's Adventures in Wonderland."" His works combine logic with fantasy, wordplay with mathematics, creating imaginative worlds that continue to delight readers while challenging conventional thinking."
Louisa May Alcott,1832,1888,"Louisa May Alcott was an American novelist best known for her semi-autobiographical novel ""Little Women."" Drawing on her experiences growing up with three sisters, her work portrayed complex female characters with ambitions beyond traditional domestic roles while addressing themes of poverty, family bonds, and personal growth."
Madame de Staël,1766,1817,"Madame de Staël was a French woman of letters and political theorist whose works like ""On Germany"" promoted Romantic ideals across Europe. Her salons and writings on literature, politics, and national cultures made her a leading intellectual figure during the revolutionary and Napoleonic eras."
Marcel Proust,1871,1922,"Marcel Proust was a French novelist whose monumental seven-volume novel ""In Search of Lost Time"" explores themes of memory, time, and art. His innovative literary techniques, including stream of consciousness and psychological analysis, along with his detailed observations of French society, have established him as one of the most influential modernist writers."
Margaret Cavendish,1623,1673,"Margaret Cavendish was an English aristocrat, philosopher, poet, scientist, and writer who published works across multiple genres. Her utopian science fiction work ""The Blazing World"" and her bold questioning of gender roles and scientific orthodoxy made her a groundbreaking figure in early modern literature and philosophy."
Maria Edgeworth,1768,1849,"Maria Edgeworth was an Anglo-Irish writer of adults' and children's literature whose works addressed education, social issues, and Irish culture. Her regional novels set in Ireland, such as ""Castle Rackrent,"" pioneered the novel of social realism and influenced subsequent writers including Walter Scott and Jane Austen."
Mark Twain,1835,1910,"Mark Twain (pen name of Samuel Clemens) was an American writer known for novels like ""Adventures of Huckleberry Finn"" and ""The Adventures of Tom Sawyer."" His works combined humor with social criticism, employed authentic American vernacular, and captured the complex realities of American life during a period of tremendous change."
Mary Shelley,1797,1851,"Mary Shelley was an English novelist who created ""Frankenstein; or, The Modern Prometheus"" at just nineteen years old. Her groundbreaking work combined Gothic elements with emerging scientific concepts to explore themes of creation, responsibility, and the consequences of unchecked scientific ambition."
Matsuo Bashō,1644,1694,"Matsuo Bashō was the most famous poet of the Edo period in Japan and recognized as the greatest master of haiku. His travel diary ""The Narrow Road to the Deep North"" and his haiku poems emphasizing simplicity, natural imagery, and spiritual depth revolutionized Japanese poetry and influenced global literature."
Maurice Maeterlinck,1862,1949,"Maurice Maeterlinck was a Belgian playwright, poet, and essayist who won the Nobel Prize in Literature in 1911. His Symbolist plays like ""Pelléas et Mélisande"" and philosophical essays exploring mysticism, nature, and the unconscious influenced the development of modern theater and thought."
Miguel de Cervantes,1547,1616,"Miguel de Cervantes was a Spanish writer whose novel ""Don Quixote"" is considered the first modern novel and one of the pinnacles of world literature. His masterpiece, which satirizes chivalric romances while exploring themes of reality and idealism, has profoundly influenced the development of Western literature."
Murasaki Shikibu,973,1025,"Murasaki Shikibu was a Japanese novelist and lady-in-waiting at the Imperial court who wrote ""The Tale of Genji."" Her masterpiece, often considered the world's first novel, depicts life in the Heian court and features complex characterization and psychological insight that were centuries ahead of Western literature."
Nathaniel Hawthorne,1804,1864,"Nathaniel Hawthorne was an American novelist and short story writer known for works like ""The Scarlet Letter"" and ""The House of the Seven Gables."" His fiction often explored moral and psychological themes within New England's Puritan past, using allegory and symbolism to examine guilt, sin, and human frailty."
Novalis,1772,1801,"Novalis (pen name of Friedrich von Hardenberg) was a German poet, author, and philosopher of early German Romanticism. Despite his brief life, his fragments, poems, and unfinished novel ""Heinrich von Ofterdingen"" profoundly influenced Romantic literature with their mystical vision and philosophic depth."
Oliver Goldsmith,1728,1774,"Oliver Goldsmith was an Irish novelist, playwright, and poet best known for the novel ""The Vicar of Wakefield"" and the play ""She Stoops to Conquer."" His works combined sentimentality with satire and helped establish the comedy of manners as a theatrical genre while presenting sympathetic portraits of rural life."
Oscar Wilde,1854,1900,"Oscar Wilde was an Irish poet, playwright, and novelist known for his witty epigrams, his novel ""The Picture of Dorian Gray,"" and plays like ""The Importance of Being Earnest."" His works challenged Victorian sensibilities while his own life and trials for ""gross indecency"" made him an early martyr for gay rights."
Pierre Choderlos de Laclos,1741,1803,"Pierre Choderlos de Laclos was a French novelist and army general best known for his epistolary novel ""Les Liaisons dangereuses."" His masterpiece portrays the decadence and moral corruption of the French aristocracy before the Revolution through the manipulative games of two rival libertines."
Prosper Mérimée,1803,1870,"Prosper Mérimée was a French writer, historian, and archaeologist whose novella ""Carmen"" became the basis for Bizet's famous opera. His works, known for their precision, objectivity, and exotic settings, pioneered literary realism while often exploring clashes between civilized society and passionate, primitive forces."
Richard Brinsley Sheridan,1751,1816,"Richard Brinsley Sheridan was an Irish playwright, poet, and politician whose comedies ""The Rivals"" and ""The School for Scandal"" remain theatrical classics. His witty dialogue, memorable characters, and satirical approach to social manners established him as one of the leading dramatists of the late 18th century."
Robert Louis Stevenson,1850,1894,"Robert Louis Stevenson was a Scottish novelist, poet, and travel writer whose adventure novels include ""Treasure Island"" and the psychological thriller ""Strange Case of Dr Jekyll and Mr Hyde."" Despite chronic illness, he produced a diverse body of work that explores the complexity of human nature and morality."
Rudyard Kipling,1865,1936,"Rudyard Kipling was an English journalist, short-story writer, poet, and novelist born in India who won the Nobel Prize for Literature in 1907. His works, including ""The Jungle Book"" and the poem ""If—,"" celebrate British imperialism while also offering nuanced portrayals of Indian culture and colonial life."
Samuel Johnson,1709,1784,"Samuel Johnson was an English writer who made lasting contributions to English literature as a poet, essayist, moralist, literary critic, biographer, editor, and lexicographer. His ""Dictionary of the English Language"" and his critical writings established standards for English prose, while his conversational wit was immortalized in Boswell's biography."
Samuel Richardson,1689,1761,"Samuel Richardson was an English writer and printer who pioneered the epistolary novel with works like ""Pamela"" and ""Clarissa."" His psychologically complex characters, exploration of morality, and innovative narrative technique established him as one of the most important early developers of the novel form."
Sei Shōnagon,966,1025,"Sei Shōnagon was a Japanese author and court lady known for her ""The Pillow Book,"" a collection of essays, lists, and observations. Her witty, opinionated writing style and keen observations of Heian court life provide valuable insights into Japanese aesthetics and social customs of the period."
William Shakespeare,1564,1616,"William Shakespeare was an English poet, playwright, and actor, widely regarded as the greatest writer in the English language and the world's greatest dramatist. His extant works, including collaborations, consist of approximately 39 plays, 154 sonnets, and other verses, and his profound influence on literature, language, theater, and other aspects of culture continues to this day."
Sherwood Anderson,1876,1941,"Sherwood Anderson was an American novelist and short story writer, known especially for his pioneering collections ""Winesburg, Ohio."" His focus on the loneliness and frustration of small-town life, psychological realism, and simple, precise language influenced many important American writers including Hemingway and Faulkner."
Sinclair Lewis,1885,1951,"Sinclair Lewis was an American novelist, short-story writer, and playwright who became the first American to receive the Nobel Prize in Literature. His satirical novels such as """
Sir Philip Sidney,1554,1586,"Sir Philip Sidney was an English poet, courtier, scholar, and soldier who is remembered as one of the most prominent figures of the Elizabethan age. His works, including the pastoral romance ""Arcadia"" and the sonnet sequence ""Astrophil and Stella,"" established him as a leading literary theorist and exemplar of the Renaissance ideal of the well-rounded individual."
Sir Walter Scott,1771,1832,"Sir Walter Scott was a Scottish historical novelist, poet, playwright, and historian whose novels such as ""Ivanhoe"" and ""Rob Roy"" established the historical novel as a respected literary form. His works, which romanticized Scottish history and revived interest in Celtic culture, made him one of the most influential and popular writers of his era."
Sophocles,496 BCE,406 BCE,"Sophocles was an ancient Greek tragedian whose plays, including ""Oedipus Rex"" and ""Antigone,"" are masterpieces of dramatic structure and psychological insight. Of his 123 plays, only seven complete tragedies have survived, yet they remain powerful explorations of human nature, free will, and the relationship between individuals and divine order."
Stendhal,1783,1842,"Stendhal (pen name of Marie-Henri Beyle) was a French writer known for his acute analysis of his characters' psychology in works like ""The Red and the Black"" and ""The Charterhouse of Parma."" His realistic portrayal of emotions and social pressures, combined with his terse, clear style, made him a pioneer of literary realism and a profound influence on modern fiction."
Theodore Dreiser,1871,1945,"Theodore Dreiser was an American novelist and journalist whose naturalistic fiction depicted the harsh realities of modern urban life. His masterpieces, including ""Sister Carrie"" and ""An American Tragedy,"" challenged conventional moral attitudes with their frank depictions of poverty, desire, and the pursuit of the American Dream."
Théophile Gautier,1811,1872,"Théophile Gautier was a French poet, dramatist, novelist, journalist, and art critic who championed the doctrine of ""art for art's sake."" His works, including the novel ""Mademoiselle de Maupin"" and his poetry collection ""Émaux et Camées,"" emphasize aesthetic beauty and sensuous detail while rejecting moral or social relevance as criteria for artistic merit."
Thomas Hardy,1840,1928,"Thomas Hardy was an English novelist and poet whose works, set mainly in the semi-fictional region of Wessex, explore the cruel indifference of fate in human lives. His major novels, including ""Tess of the d'Urbervilles"" and ""Jude the Obscure,"" challenge Victorian moral conventions while portraying rural life with unsentimental realism."
Thomas Malory,1405,1471,"Thomas Malory was an English writer responsible for the classic work ""Le Morte d'Arthur,"" a comprehensive retelling of the Arthurian legends. His compilation of tales of King Arthur, Guinevere, Lancelot, and the Knights of the Round Table became the definitive English-language version of these stories and significantly influenced subsequent literature."
Thomas Mann,1875,1955,"Thomas Mann was a German novelist, short story writer, and social critic who won the Nobel Prize for Literature in 1929. His complex and symbolic works, especially ""The Magic Mountain"" and ""Death in Venice,"" examine the dichotomy between art and life, intellectual and physical existence, and the collapse of traditional European culture."
Thomas Middleton,1580,1627,"Thomas Middleton was an English playwright and poet whose dark comedies and city tragedies like ""The Changeling"" and ""Women Beware Women"" are noted for their cynical view of human nature. His realistic portrayal of London life, innovative dramatic techniques, and unflinching examination of power, sex, and corruption made him one of the most important Jacobean dramatists."
Thomas Middleton and William Rowley,1580/1585,1627/1626,"Thomas Middleton and William Rowley were English playwrights who collaborated on several works, most notably ""The Changeling."" Their partnership combined Middleton's psychological insight and satirical wit with Rowley's skill at creating sympathetic characters, resulting in plays that powerfully depict moral ambiguity and human passion."
Upton Sinclair,1878,1968,"Upton Sinclair was an American writer and political activist whose novel ""The Jungle"" exposed conditions in the U.S. meat packing industry and led to government regulations. Throughout his career spanning nearly 100 novels, he remained dedicated to exposing social and economic injustices while advocating for socialist reforms."
Various,N/A,N/A,"This entry represents collections or anthologies with multiple contributing authors from different time periods. Such compilations often preserve diverse literary traditions, folk tales, or collaborative works that might otherwise be lost, demonstrating the collective nature of storytelling and literary development across cultures and generations."
Victor Hugo,1802,1885,"Victor Hugo was a French poet, novelist, and dramatist of the Romantic movement whose works, including ""Les Misérables"" and ""The Hunchback of Notre-Dame,"" are among the most widely read in French literature. His passionate concern for human rights, political liberty, and social justice, along with his vivid characters and emotional intensity, established him as a literary giant."
Voltaire,1694,1778,"Voltaire (pen name of François-Marie Arouet) was a French Enlightenment writer, historian, and philosopher famous for his wit and his criticism of Christianity and slavery. His works, including ""Candide"" and numerous essays championing freedom of religion and separation of church and state, made him a leading voice for tolerance and intellectual freedom."
W.E.B. Du Bois,1868,1963,"W.E.B. Du Bois was an American sociologist, historian, civil rights activist, and author who became the first African American to earn a doctorate from Harvard. His works, including ""The Souls of Black Folk"" and ""Black Reconstruction in America,"" pioneered sociology of race relations and laid intellectual foundations for the civil rights movement."
Willa Cather,1873,1947,"Willa Cather was an American writer who achieved recognition for her novels of frontier life on the Great Plains, including ""O Pioneers!"" and ""My Ántonia."" Her work is known for its plainspoken prose, vivid evocation of landscape, and sensitive portrayal of immigrant experiences, particularly those of women settling the American West."
William Beckford,1760,1844,"William Beckford was an English novelist, art critic, and eccentric aesthete best known for his Gothic novel ""Vathek."" As one of England's wealthiest men, he built the architectural folly Fonthill Abbey and amassed an extraordinary collection of art and rare books, while his writings explored themes of exoticism, decadence, and the supernatural."
William Godwin,1756,1836,"William Godwin was an English journalist, political philosopher, and novelist considered one of the first exponents of utilitarianism and anarchism. His works, including the philosophical treatise ""Enquiry Concerning Political Justice"" and the novel ""Caleb Williams,"" advocated for rationalism, justice, and the abolition of accumulated wealth and governmental power."
William Wells Brown,1814,1884,"William Wells Brown was the first African American to publish a novel, a play, and a travel book. Born into slavery and later escaping to freedom, his works, including the novel ""Clotel; or, The President's Daughter,"" drew on his experiences to expose the brutalities of slavery and advocate for abolitionism and equal rights."
